19.07.2023 06:03:54: Voltage:0;MaxVoltage:0,02;MinVoltage:0;Ampere:0,03;MaxAmpere:0,03;MinAmpere:0
19.07.2023 06:03:56: Voltage:0;MaxVoltage:0,02;MinVoltage:0;Ampere:0;MaxAmpere:0,03;MinAmpere:0
19.07.2023 06:03:58: Voltage:0,01;MaxVoltage:0,02;MinVoltage:0;Ampere:0;MaxAmpere:0,04;MinAmpere:0
19.07.2023 06:04:00: Voltage:0,01;MaxVoltage:0,02;MinVoltage:0;Ampere:0,03;MaxAmpere:0,04;MinAmpere:0
19.07.2023 06:04:11: Voltage:0;MaxVoltage:0,02;MinVoltage:0;Ampere:0,01;MaxAmpere:0,04;MinAmpere:0
19.07.2023 06:04:14: Voltage:0,01;MaxVoltage:0,02;MinVoltage:0;Ampere:0,01;MaxAmpere:0,04;MinAmpere:0
19.07.2023 06:04:16: Voltage:0;MaxVoltage:0,02;MinVoltage:0;Ampere:0,03;MaxAmpere:0,04;MinAmpere:0
19.07.2023 06:04:18: Voltage:0,01;MaxVoltage:0,02;MinVoltage:0;Ampere:0,01;MaxAmpere:0,04;MinAmpere:0
19.07.2023 06:04:20: Voltage:0,02;MaxVoltage:0,02;MinVoltage:0;Ampere:0;MaxAmpere:0,04;MinAmpere:0
19.07.2023 06:04:22: Voltage:0;MaxVoltage:0,02;MinVoltage:0;Ampere:0,01;MaxAmpere:0,04;MinAmpere:0
19.07.2023 06:04:24: Voltage:0,01;MaxVoltage:0,02;MinVoltage:0;Ampere:0;MaxAmpere:0,04;MinAmpere:0
19.07.2023 06:04:26: Voltage:0,01;MaxVoltage:0,02;MinVoltage:0;Ampere:0,01;MaxAmpere:0,04;MinAmpere:0
19.07.2023 06:04:28: Voltage:0,01;MaxVoltage:0,02;MinVoltage:0;Ampere:0;MaxAmpere:0,04;MinAmpere:0
19.07.2023 06:04:30: Voltage:0,01;MaxVoltage:0,02;MinVoltage:0;Ampere:0,01;MaxAmpere:0,04;MinAmpere:0
19.07.2023 06:04:32: Voltage:0,01;MaxVoltage:0,02;MinVoltage:0;Ampere:0,01;MaxAmpere:0,04;MinAmpere:0
19.07.2023 06:04:34: Voltage:0;MaxVoltage:0,02;MinVoltage:0;Ampere:0,01;MaxAmpere:0,04;MinAmpere:0
19.07.2023 06:04:36: Voltage:0,01;MaxVoltage:0,02;MinVoltage:0;Ampere:0;MaxAmpere:0,04;MinAmpere:0
19.07.2023 06:04:38: Voltage:0,01;MaxVoltage:0,02;MinVoltage:0;Ampere:0,01;MaxAmpere:0,04;MinAmpere:0
19.07.2023 06:04:40: Voltage:0;MaxVoltage:0,02;MinVoltage:0;Ampere:0;MaxAmpere:0,04;MinAmpere:0
19.07.2023 06:04:42: Voltage:0;MaxVoltage:0,02;MinVoltage:0;Ampere:0,01;MaxAmpere:0,04;MinAmpere:0
19.07.2023 06:04:44: Voltage:0;MaxVoltage:0,02;MinVoltage:0;Ampere:0;MaxAmpere:0,04;MinAmpere:0
19.07.2023 06:04:46: Voltage:0,01;MaxVoltage:0,02;MinVoltage:0;Ampere:0;MaxAmpere:0,04;MinAmpere:0
19.07.2023 06:04:48: Voltage:0,01;MaxVoltage:0,02;MinVoltage:0;Ampere:0;MaxAmpere:0,04;MinAmpere:0
19.07.2023 06:04:50: Voltage:0;MaxVoltage:0,02;MinVoltage:0;Ampere:0,04;MaxAmpere:0,04;MinAmpere:0
19.07.2023 06:04:52: Voltage:0;MaxVoltage:0,02;MinVoltage:0;Ampere:0,01;MaxAmpere:0,04;MinAmpere:0
19.07.2023 06:04:54: Voltage:0,01;MaxVoltage:0,02;MinVoltage:0;Ampere:0,01;MaxAmpere:0,04;MinAmpere:0
19.07.2023 06:04:56: Voltage:0,02;MaxVoltage:0,02;MinVoltage:0;Ampere:0,01;MaxAmpere:0,04;MinAmpere:0
19.07.2023 06:04:58: Voltage:0,01;MaxVoltage:0,02;MinVoltage:0;Ampere:0;MaxAmpere:0,04;MinAmpere:0
19.07.2023 06:05:00: Voltage:0,01;MaxVoltage:0,02;MinVoltage:0;Ampere:0;MaxAmpere:0,04;MinAmpere:0
19.07.2023 06:05:02: Voltage:0;MaxVoltage:0,02;MinVoltage:0;Ampere:0,01;MaxAmpere:0,04;MinAmpere:0
19.07.2023 06:05:04: Voltage:0;MaxVoltage:0,02;MinVoltage:0;Ampere:0;MaxAmpere:0,04;MinAmpere:0
19.07.2023 06:05:06: Voltage:0,01;MaxVoltage:0,02;MinVoltage:0;Ampere:0,01;MaxAmpere:0,04;MinAmpere:0
19.07.2023 06:05:08: Voltage:0;MaxVoltage:0,02;MinVoltage:0;Ampere:0,01;MaxAmpere:0,04;MinAmpere:0
19.07.2023 06:05:10: Voltage:0,01;MaxVoltage:0,02;MinVoltage:0;Ampere:0;MaxAmpere:0,04;MinAmpere:0
19.07.2023 06:05:12: Voltage:0;MaxVoltage:0,02;MinVoltage:0;Ampere:0;MaxAmpere:0,04;MinAmpere:0
19.07.2023 06:05:14: Voltage:0;MaxVoltage:0,02;MinVoltage:0;Ampere:0;MaxAmpere:0,04;MinAmpere:0
19.07.2023 06:05:16: Voltage:0;MaxVoltage:0,02;MinVoltage:0;Ampere:0,01;MaxAmpere:0,04;MinAmpere:0
19.07.2023 06:05:18: Voltage:0;MaxVoltage:0,02;MinVoltage:0;Ampere:0;MaxAmpere:0,04;MinAmpere:0
19.07.2023 06:05:20: Voltage:0,01;MaxVoltage:0,02;MinVoltage:0;Ampere:0,01;MaxAmpere:0,04;MinAmpere:0
19.07.2023 06:05:22: Voltage:0,01;MaxVoltage:0,02;MinVoltage:0;Ampere:0,01;MaxAmpere:0,04;MinAmpere:0
19.07.2023 06:05:24: Voltage:0;MaxVoltage:0,02;MinVoltage:0;Ampere:0,01;MaxAmpere19.07.2023 06:11:37: Voltage:0;MaxVoltage:0,01;MinVoltage:0;Ampere:0;MaxAmpere:0,03;MinAmpere:0
19.07.2023 06:12:09: Voltage:0,01;MaxVoltage:0,01;MinVoltage:0;Ampere:0;MaxAmpere:0,03;MinAmpere:0
19.07.2023 06:12:13: Voltage:0,01;MaxVoltage:0,01;MinVoltage:0;Ampere:0,03;MaxAmpere:0,03;MinAmpere:0
19.07.2023 06:12:15: Voltage:0,01;MaxVoltage:0,01;MinVoltage:0;Ampere:0;MaxAmpere:0,04;MinAmpere:0
19.07.2023 06:12:17: Voltage:0;MaxVoltage:0,01;MinVoltage:0;Ampere:0;MaxAmpere:0,04;MinAmpere:0
19.07.2023 06:12:19: Voltage:0,01;MaxVoltage:0,01;MinVoltage:0;Ampere:0;MaxAmpere:0,04;MinAmpere:0
19.07.2023 06:12:21: Voltage:0,01;MaxVoltage:0,01;MinVoltage:0;Ampere:0;MaxAmpere:0,04;MinAmpere:0
19.07.2023 06:12:23: Voltage:0;MaxVoltage:0,01;MinVoltage:0;Ampere:0,01;MaxAmpere:0,04;MinAmpere:0
19.07.2023 06:12:25: Voltage:0,01;MaxVoltage:0,01;MinVoltage:0;Ampere:0;MaxAmpere:0,04;MinAmpere:0
19.07.2023 06:12:27: Voltage:0,02;MaxVoltage:0,02;MinVoltage:0;Ampere:0;MaxAmpere:0,04;MinAmpere:0
19.07.2023 06:12:29: Voltage:0;MaxVoltage:0,02;MinVoltage:0;Ampere:0,03;MaxAmpere:0,04;MinAmpere:0
19.07.2023 06:12:32: Voltage:0;MaxVoltage:0,02;MinVoltage:0;Ampere:0,03;MaxAmpere:0,04;MinAmpere:0
19.07.2023 06:12:34: Voltage:0;MaxVoltage:0,02;MinVoltage:0;Ampere:0;MaxAmpere:0,04;MinAmpere:0
19.07.2023 06:12:36: Voltage:0;MaxVoltage:0,02;MinVoltage:0;Ampere:0;MaxAmpere:0,04;MinAmpere:0
19.07.2023 06:12:38: Voltage:0;MaxVoltage:0,02;MinVoltage:0;Ampere:0;MaxAmpere:0,04;MinAmpere:0
19.07.2023 06:12:40: Voltage:0;MaxVoltage:0,02;MinVoltage:0;Ampere:0;MaxAmpere:0,04;MinAmpere:0
19.07.2023 06:12:42: Voltage:0,01;MaxVoltage:0,02;MinVoltage:0;Ampere:0,03;MaxAmpere:0,04;MinAmpere:0
19.07.2023 06:12:44: Voltage:0;MaxVoltage:0,02;MinVoltage:0;Ampere:0,01;MaxAmpere:0,04;MinAmpere:0
19.07.2023 06:12:46: Voltage:0,01;MaxVoltage:0,02;MinVoltage:0;Ampere:0,01;MaxAmpere:0,04;MinAmpere:0
19.07.2023 06:12:48: Voltage:0,02;MaxVoltage:0,02;MinVoltage:0;Ampere:0;MaxAmpere:0,04;MinAmpere:0
19.07.2023 06:12:50: Voltage:0,01;MaxVoltage:0,02;MinVoltage:0;Ampere:0,01;MaxAmpere:0,04;MinAmpere:0
19.07.2023 06:12:52: Voltage:0;MaxVoltage:0,02;MinVoltage:0;Ampere:0;MaxAmpere:0,04;MinAmpere:0
19.07.2023 06:12:54: Voltage:0;MaxVoltage:0,02;MinVoltage:0;Ampere:0;MaxAmpere:0,04;MinAmpere:0
19.07.2023 06:12:56: Voltage:0,01;MaxVoltage:0,02;MinVoltage:0;Ampere:0;MaxAmpere:0,04;MinAmpere:0
19.07.2023 06:12:58: Voltage:0;MaxVoltage:0,02;MinVoltage:0;Ampere:0,01;MaxAmpere:0,04;MinAmpere:0
19.07.2023 06:13:00: Voltage:0,01;MaxVoltage:0,02;MinVoltage:0;Ampere:0;MaxAmpere:0,04;MinAmpere:0
19.07.2023 06:13:02: Voltage:0;MaxVoltage:0,02;MinVoltage:0;Ampere:0;MaxAmpere:0,04;MinAmpere:0
19.07.2023 06:13:04: Voltage:0;MaxVoltage:0,02;MinVoltage:0;Ampere:0,01;MaxAmpere:0,04;MinAmpere:0
19.07.2023 06:13:06: Voltage:0;MaxVoltage:0,02;MinVoltage:0;Ampere:0,04;MaxAmpere:0,04;MinAmpere:0
19.07.2023 06:13:08: Voltage:0;MaxVoltage:0,02;MinVoltage:0;Ampere:0,01;MaxAmpere:0,04;MinAmpere:0
19.07.2023 06:13:10: Voltage:0;MaxVoltage:0,02;MinVoltage:0;Ampere:0;MaxAmpere:0,04;MinAmpere:0
19.07.2023 06:13:12: Voltage:0,01;MaxVoltage:0,02;MinVoltage:0;Ampere:0,03;MaxAmpere:0,04;MinAmpere:0
19.07.2023 06:13:14: Voltage:0,01;MaxVoltage:0,02;MinVoltage:0;Ampere:0,01;MaxAmpere:0,04;MinAmpere:0
19.07.2023 06:13:16: Voltage:0;MaxVoltage:0,02;MinVoltage:0;Ampere:0,03;MaxAmpere:0,04;MinAmpere:0
19.07.2023 06:13:18: Voltage:0,01;MaxVoltage:0,02;MinVoltage:0;Ampere:0;MaxAmpere:0,04;MinAmpere:0
19.07.2023 06:13:20: Voltage:0;MaxVoltage:0,02;MinVoltage:0;Ampere:0,01;MaxAmpere:0,04;MinAmpere:0
19.07.2023 06:13:22: Voltage:0,01;MaxVoltage:0,02;MinVoltage:0;Ampere:0;MaxAmpere:0,04;MinAmpere:0
19.07.2023 06:13:24: Voltage:0;MaxVoltage:0,02;MinVoltage:0;Ampere:0;MaxAmpere:0,04;MinAmpere:0
19.07.2023 06:13:26: Voltage:0,01;MaxVoltage:0,02;MinVoltage:0;Ampere:0,01;MaxAmpere:0,04;MinAmpere:0
19.07.2023 06:13:28: Voltage:0,01;MaxVoltage:0,02;MinVoltage:0;Ampere:0,01;MaxAmpere:0,04;MinAmpere:0
19.07.2023 06:13:30: Voltage:0,01;MaxVoltage:0,02;MinVoltage:0;Ampere:0;MaxAmpere:0,04;MinAmpere:0
19.07.2023 06:13:32: Voltage:0,01;MaxVoltage:0,02;MinVoltage:0;Ampere:0,03;MaxAmpere:0,04;MinAmpere:0
19.07.2023 06:13:34: Voltage:0,01;MaxVoltage:0,02;MinVoltage:0;Ampere:0,03;MaxAmpere:0,04;MinAmpere:0
19.07.2023 06:13:36: Voltage:0;MaxVoltage:0,02;MinVoltage:0;Ampere:0,01;MaxAmpere:0,04;MinAmpere:0
19.07.2023 06:13:38: Voltage:0,01;MaxVoltage:0,02;MinVoltage:0;Ampere:0,01;MaxAmpere:0,04;MinAmpere:0
19.07.2023 06:13:40: Voltage:0,01;MaxVoltage:0,02;MinVoltage:0;Ampere:0;MaxAmpere:0,04;MinAmpere:0
19.07.2023 06:13:42: Voltage:0;MaxVoltage:0,02;MinVoltage:0;Ampere:0,01;MaxAmpere:0,04;MinAmpere:0
19.07.2023 06:13:44: Voltage:0,01;MaxVoltage:0,02;MinVoltage:0;Ampere:0,01;MaxAmpere:0,04;MinAmpere:0
19.07.2023 06:13:46: Voltage:0;MaxVoltage:0,02;MinVoltage:0;Ampere:0;MaxAmpere:0,04;MinAmpere:0
19.07.2023 06:13:48: Voltage:0;MaxVoltage:0,02;MinVoltage:0;Ampere:0;MaxAmpere:0,04;MinAmpere:0
19.07.2023 06:13:50: Voltage:0;MaxVoltage:0,02;MinVoltage:0;Ampere:0,01;MaxAmpere:0,04;MinAmpere:0
19.07.2023 06:13:52: Voltage:0,01;MaxVoltage:0,02;MinVoltage:0;Ampere:0;MaxAmpere:0,04;MinAmpere:0
19.07.2023 06:13:54: Voltage:0,01;MaxVoltage:0,02;MinVoltage:0;Ampere:0,01;MaxAmpere:0,04;MinAmpere:0
19.07.2023 06:13:56: Voltage:0;MaxVoltage:0,02;MinVoltage:0;Ampere:0,03;MaxAmpere:0,04;MinAmpere:0
19.07.2023 06:13:58: Voltage:0;MaxVoltage:0,02;MinVoltage:0;Ampere:0,03;MaxAmpere:0,04;MinAmpere:0
19.07.2023 06:14:00: Voltage:0;MaxVoltage:0,02;MinVoltage:0;Ampere:0,03;MaxAmpere:0,04;MinAmpere:0
19.07.2023 06:14:02: Voltage:0,01;MaxVoltage:0,02;MinVoltage:0;Ampere:0,04;MaxAmpere:0,05;MinAmpere:0
19.07.2023 06:14:04: Voltage:0;MaxVoltage:0,02;MinVoltage:0;Ampere:0;MaxAmpere:0,05;MinAmpere:0
19.07.2023 06:14:06: Voltage:0;MaxVoltage:0,02;MinVoltage:0;Ampere:0;MaxAmpere:0,05;MinAmpere:0
19.07.2023 06:14:08: Voltage:0;MaxVoltage:0,02;MinVoltage:0;Ampere:0,01;MaxAmpere:0,05;MinAmpere:0
19.07.2023 06:14:10: Voltage:0,01;MaxVoltage:0,02;MinVoltage:0;Ampere:0;MaxAmpere:0,05;MinAmpere:0
19.07.2023 06:14:12: Voltage:0,01;MaxVoltage:0,02;MinVoltage:0;Ampere:0;MaxAmpere:0,05;MinAmpere:0
19.07.2023 06:14:14: Voltage:0;MaxVoltage:0,02;MinVoltage:0;Ampere:0;MaxAmpere:0,05;MinAmpere:0
19.07.2023 06:14:16: Voltage:0;MaxVoltage:0,02;MinVoltage:0;Ampere:0;MaxAmpere:0,05;MinAmpere:0
19.07.2023 06:14:18: Voltage:0,01;MaxVoltage:0,02;MinVoltage:0;Ampere:0;MaxAmpere:0,05;MinAmpere:0
19.07.2023 06:14:20: Voltage:0;MaxVoltage:0,02;MinVoltage:0;Ampere:0;MaxAmpere:0,05;MinAmpere:0
19.07.2023 06:14:22: Voltage:0,01;MaxVoltage:0,02;MinVoltage:0;Ampere:0,03;MaxAmpere:0,05;MinAmpere:0
19.07.2023 06:14:24: Voltage:0,01;MaxVoltage:0,02;MinVoltage:0;Ampere:0,04;MaxAmpere:0,05;MinAmpere:0
19.07.2023 06:14:26: Voltage:0,01;MaxVoltage:0,02;MinVoltage:0;Ampere:0,01;MaxAmpere:0,05;MinAmpere:0
19.07.2023 06:14:28: Voltage:0,01;MaxVoltage:0,02;MinVoltage:0;Ampere:0;MaxAmpere:0,05;MinAmpere:0
19.07.2023 06:14:30: Voltage:0,01;MaxVoltage:0,02;MinVoltage:0;Ampere:0;MaxAmpere:0,05;MinAmpere:0
19.07.2023 06:14:32: Voltage:0,01;MaxVoltage:0,02;MinVoltage:0;Ampere:0;MaxAmpere:0,05;MinAmpere:0
19.07.2023 06:14:34: Voltage:0,01;MaxVoltage:0,02;MinVoltage:0;Ampere:0,01;MaxAmpere:0,05;MinAmpere:0
19.07.2023 06:14:36: Voltage:0,01;MaxVoltage:0,02;MinVoltage:0;Ampere:0;MaxAmpere:0,05;MinAmpere:0
19.07.2023 06:14:38: Voltage:0,01;MaxVoltage:0,02;MinVoltage:0;Ampere:0,03;MaxAmpere:0,05;MinAmpere:0
19.07.2023 06:14:40: Voltage:0,01;MaxVoltage:0,02;MinVoltage:0;Ampere:0,03;MaxAmpere:0,05;MinAmpere:0
19.07.2023 06:14:42: Voltage:0;MaxVoltage:0,02;MinVoltage:0;Ampere:0;MaxAmpere:0,05;MinAmpere:0
19.07.2023 06:14:44: Voltage:0,01;MaxVoltage:0,02;MinVoltage:0;Ampere:0;MaxAmpere:0,05;MinAmpere:0
19.07.2023 06:14:46: Voltage:0;MaxVoltage:0,02;MinVoltage:0;Ampere:0,01;MaxAmpere:0,05;MinAmpere:0
19.07.2023 06:14:48: Voltage:0,01;MaxVoltage:0,02;MinVoltage:0;Ampere:0,03;MaxAmpere:0,05;MinAmpere:0
19.07.2023 06:14:50: Voltage:0;MaxVoltage:0,02;MinVoltage:0;Ampere:0;MaxAmpere:0,05;MinAmpere:0
19.07.2023 06:14:52: Voltage:0;MaxVoltage:0,02;MinVoltage:0;Ampere:0;MaxAmpere:0,05;MinAmpere:0
19.07.2023 06:14:54: Voltage:0;MaxVoltage:0,02;MinVoltage:0;Ampere:0,01;MaxAmpere:0,05;MinAmpere:0
19.07.2023 06:14:56: Voltage:0,01;MaxVoltage:0,02;MinVoltage:0;Ampere:0,03;MaxAmpere:0,05;MinAmpere:0
19.07.2023 06:14:58: Voltage:0,01;MaxVoltage:0,02;MinVoltage:0;Ampere:0;MaxAmpere:0,05;MinAmpere:0
19.07.2023 06:15:00: Voltage:0,01;MaxVoltage:0,02;MinVoltage:0;Ampere:0;MaxAmpere:0,05;MinAmpere:0
19.07.2023 06:15:02: Voltage:0,01;MaxVoltage:0,02;MinVoltage:0;Ampere:0;MaxAmpere:0,05;MinAmpere:0
19.07.2023 06:15:04: Voltage:0,01;MaxVoltage:0,02;MinVoltage:0;Ampere:0;MaxAmpere:0,05;MinAmpere:0
19.07.2023 06:15:06: Voltage:0;MaxVoltage:0,02;MinVoltage:0;Ampere:0,01;MaxAmpere:0,05;MinAmpere:0
19.07.2023 06:15:08: Voltage:0,01;MaxVoltage:0,02;MinVoltage:0;Ampere:0,04;MaxAmpere:0,05;MinAmpere:0
19.07.2023 06:15:10: Voltage:0;MaxVoltage:0,02;MinVoltage:0;Ampere:0;MaxAmpere:0,05;MinAmpere:0
19.07.2023 06:15:12: Voltage:0,01;MaxVoltage:0,02;MinVoltage:0;Ampere:0,03;MaxAmpere:0,05;MinAmpere:0
19.07.2023 06:15:14: Voltage:0;MaxVoltage:0,02;MinVoltage:0;Ampere:0,01;MaxAmpere:0,05;MinAmpere:0
19.07.2023 06:15:16: Voltage:0;MaxVoltage:0,02;MinVoltage:0;Ampere:0;MaxAmpere:0,05;MinAmpere:0
19.07.2023 06:15:19: Voltage:0;MaxVoltage:0,02;MinVoltage:0;Ampere:0,01;MaxAmpere:0,05;MinAmpere:0
19.07.2023 06:15:21: Voltage:0;MaxVoltage:0,02;MinVoltage:0;Ampere:0,01;MaxAmpere:0,05;MinAmpere:0
19.07.2023 06:15:23: Voltage:0,01;MaxVoltage:0,02;MinVoltage:0;Ampere:0;MaxAmpere:0,05;MinAmpere:0
19.07.2023 06:15:25: Voltage:0;MaxVoltage:0,02;MinVoltage:0;Ampere:0,01;MaxAmpere:0,05;MinAmpere:0
19.07.2023 06:15:27: Voltage:0,01;MaxVoltage:0,02;MinVoltage:0;Ampere:0,01;MaxAmpere:0,05;MinAmpere:0
19.07.2023 06:15:29: Voltage:0,01;MaxVoltage:0,02;MinVoltage:0;Ampere:0;MaxAmpere:0,05;MinAmpere:0
19.07.2023 06:15:31: Voltage:0;MaxVoltage:0,02;MinVoltage:0;Ampere:0,03;MaxAmpere:0,05;MinAmpere:0
19.07.2023 06:15:33: Voltage:0,01;MaxVoltage:0,02;MinVoltage:0;Ampere:0;MaxAmpere:0,05;MinAmpere:0
19.07.2023 06:15:35: Voltage:0;MaxVoltage:0,02;MinVoltage:0;Ampere:0,01;MaxAmpere:0,05;MinAmpere:0
19.07.2023 06:15:37: Voltage:0;MaxVoltage:0,02;MinVoltage:0;Ampere:0,01;MaxAmpere:0,05;MinAmpere:0
19.07.2023 06:15:39: Voltage:0,01;MaxVoltage:0,02;MinVoltage:0;Ampere:0,03;MaxAmpere:0,05;MinAmpere:0
19.07.2023 06:15:41: Voltage:0,02;MaxVoltage:0,02;MinVoltage:0;Ampere:0;MaxAmpere:0,05;MinAmpere:0
19.07.2023 06:15:43: Voltage:0;MaxVoltage:0,02;MinVoltage:0;Ampere:0;MaxAmpere:0,05;MinAmpere:0
19.07.2023 06:15:45: Voltage:0,01;MaxVoltage:0,02;MinVoltage:0;Ampere:0;MaxAmpere:0,05;MinAmpere:0
19.07.2023 06:15:47: Voltage:0;MaxVoltage:0,02;MinVoltage:0;Ampere:0;MaxAmpere:0,05;MinAmpere:0
19.07.2023 06:15:49: Voltage:0,01;MaxVoltage:0,02;MinVoltage:0;Ampere:0;MaxAmpere:0,05;MinAmpere:0
19.07.2023 06:15:51: Voltage:0,01;MaxVoltage:0,02;MinVoltage:0;Ampere:0;MaxAmpere:0,05;MinAmpere:0
19.07.2023 06:15:53: Voltage:0,01;MaxVoltage:0,02;MinVoltage:0;Ampere:0;MaxAmpere:0,05;MinAmpere:0
19.07.2023 06:15:55: Voltage:0;MaxVoltage:0,02;MinVoltage:0;Ampere:0,01;MaxAmpere:0,05;MinAmpere:0
19.07.2023 06:15:57: Voltage:0;MaxVoltage:0,02;MinVoltage:0;Ampere:0;MaxAmpere:0,05;MinAmpere:0
19.07.2023 06:15:59: Voltage:0,01;MaxVoltage:0,02;MinVoltage:0;Ampere:0;MaxAmpere:0,05;MinAmpere:0
19.07.2023 06:16:01: Voltage:0,01;MaxVoltage:0,02;MinVoltage:0;Ampere:0;MaxAmpere:0,05;MinAmpere:0
19.07.2023 06:16:03: Voltage:0,01;MaxVoltage:0,02;MinVoltage:0;Ampere:0,01;MaxAmpere:0,05;MinAmpere:0
19.07.2023 06:16:05: Voltage:0;MaxVoltage:0,02;MinVoltage:0;Ampere:0,01;MaxAmpere:0,05;MinAmpere:0
19.07.2023 06:16:07: Voltage:0;MaxVoltage:0,02;MinVoltage:0;Ampere:0;MaxAmpere:0,05;MinAmpere:0
19.07.2023 06:16:09: Voltage:0,01;MaxVoltage:0,02;MinVoltage:0;Ampere:0,01;MaxAmpere:0,05;MinAmpere:0
19.07.2023 06:16:11: Voltage:0;MaxVoltage:0,02;MinVoltage:0;Ampere:0,01;MaxAmpere:0,05;MinAmpere:0
19.07.2023 06:16:13: Voltage:0;MaxVoltage:0,02;MinVoltage:0;Ampere:0;MaxAmpere:0,05;MinAmpere:0
19.07.2023 06:16:15: Voltage:0;MaxVoltage:0,02;MinVoltage:0;Ampere:0;MaxAmpere:0,05;MinAmpere:0
19.07.2023 06:16:17: Voltage:0;MaxVoltage:0,02;MinVoltage:0;Ampere:0,01;MaxAmpere:0,05;MinAmpere:0
19.07.2023 06:16:19: Voltage:0;MaxVoltage:0,02;MinVoltage:0;Ampere:0;MaxAmpere:0,05;MinAmpere:0
19.07.2023 06:16:21: Voltage:0;MaxVoltage:0,02;MinVoltage:0;Ampere:0;MaxAmpere:0,05;MinAmpere:0
19.07.2023 06:16:23: Voltage:0,01;MaxVoltage:0,02;MinVoltage:0;Ampere:0,04;MaxAmpere:0,05;MinAmpere:0
19.07.2023 06:16:25: Voltage:0;MaxVoltage:0,02;MinVoltage:0;Ampere:0,01;MaxAmpere:0,05;MinAmpere:0
19.07.2023 06:16:27: Voltage:0;MaxVoltage:0,02;MinVoltage:0;Ampere:0,03;MaxAmpere:0,05;MinAmpere:0
19.07.2023 06:16:29: Voltage:0,01;MaxVoltage:0,02;MinVoltage:0;Ampere:0,03;MaxAmpere:0,05;MinAmpere:0
19.07.2023 06:16:31: Voltage:0;MaxVoltage:0,02;MinVoltage:0;Ampere:0;MaxAmpere:0,05;MinAmpere:0
19.07.2023 06:16:33: Voltage:0;MaxVoltage:0,02;MinVoltage:0;Ampere:0,03;MaxAmpere:0,05;MinAmpere:0
19.07.2023 06:16:35: Voltage:0,01;MaxVoltage:0,02;MinVoltage:0;Ampere:0,04;MaxAmpere:0,05;MinAmpere:0
19.07.2023 06:16:37: Voltage:0;MaxVoltage:0,02;MinVoltage:0;Ampere:0;MaxAmpere:0,05;MinAmpere:0
19.07.2023 06:16:39: Voltage:0,01;MaxVoltage:0,02;MinVoltage:0;Ampere:0;MaxAmpere:0,05;MinAmpere:0
19.07.2023 06:16:41: Voltage:0;MaxVoltage:0,02;MinVoltage:0;Ampere:0;MaxAmpere:0,05;MinAmpere:0
19.07.2023 06:16:43: Voltage:0,01;MaxVoltage:0,02;MinVoltage:0;Ampere:0;MaxAmpere:0,05;MinAmpere:0
19.07.2023 06:16:45: Voltage:0;MaxVoltage:0,02;MinVoltage:0;Ampere:0;MaxAmpere:0,05;MinAmpere:0
19.07.2023 06:16:47: Voltage:0,01;MaxVoltage:0,02;MinVoltage:0;Ampere:0;MaxAmpere:0,05;MinAmpere:0
19.07.2023 06:16:49: Voltage:0;MaxVoltage:0,02;MinVoltage:0;Ampere:0,01;MaxAmpere:0,05;MinAmpere:0
19.07.2023 06:16:51: Voltage:0;MaxVoltage:0,02;MinVoltage:0;Ampere:0;MaxAmpere:0,05;MinAmpere:0
19.07.2023 06:16:53: Voltage:0;MaxVoltage:0,02;MinVoltage:0;Ampere:0,01;MaxAmpere:0,05;MinAmpere:0
19.07.2023 06:16:55: Voltage:0,01;MaxVoltage:0,02;MinVoltage:0;Ampere:0,01;MaxAmpere:0,05;MinAmpere:0
19.07.2023 06:16:57: Voltage:0,01;MaxVoltage:0,02;MinVoltage:0;Ampere:0;MaxAmpere:0,05;MinAmpere:0
19.07.2023 06:16:59: Voltage:0;MaxVoltage:0,02;MinVoltage:0;Ampere:0;MaxAmpere:0,05;MinAmpere:0
19.07.2023 06:17:01: Voltage:0,01;MaxVoltage:0,02;MinVoltage:0;Ampere:0;MaxAmpere:0,05;MinAmpere:0
19.07.2023 06:17:03: Voltage:0,01;MaxVoltage:0,02;MinVoltage:0;Ampere:0,01;MaxAmpere:0,05;MinAmpere:0
19.07.2023 06:17:05: Voltage:0,01;MaxVoltage:0,02;MinVoltage:0;Ampere:0;MaxAmpere:0,05;MinAmpere:0
19.07.2023 06:17:07: Voltage:0;MaxVoltage:0,02;MinVoltage:0;Ampere:0;MaxAmpere:0,05;MinAmpere:0
19.07.2023 06:17:09: Voltage:0;MaxVoltage:0,02;MinVoltage:0;Ampere:0,01;MaxAmpere:0,05;MinAmpere:0
19.07.2023 06:17:11: Voltage:0;MaxVoltage:0,02;MinVoltage:0;Ampere:0;MaxAmpere:0,05;MinAmpere:0
19.07.2023 06:17:13: Voltage:0,01;MaxVoltage:0,02;MinVoltage:0;Ampere:0;MaxAmpere:0,05;MinAmpere:0
19.07.2023 06:17:15: Voltage:0,01;MaxVoltage:0,02;MinVoltage:0;Ampere:0,01;MaxAmpere:0,05;MinAmpere:0
19.07.2023 06:17:17: Voltage:0;MaxVoltage:0,02;MinVoltage:0;Ampere:0,01;MaxAmpere:0,05;MinAmpere:0
19.07.2023 06:17:19: Voltage:0;MaxVoltage:0,02;MinVoltage:0;Ampere:0,03;MaxAmpere:0,05;MinAmpere:0
19.07.2023 06:17:21: Voltage:0;MaxVoltage:0,02;MinVoltage:0;Ampere:0,01;MaxAmpere:0,05;MinAmpere:0
19.07.2023 06:17:23: Voltage:0;MaxVoltage:0,02;MinVoltage:0;Ampere:0;MaxAmpere:0,05;MinAmpere:0
19.07.2023 06:17:25: Voltage:0;MaxVoltage:0,02;MinVoltage:0;Ampere:0,03;MaxAmpere:0,05;MinAmpere:0
19.07.2023 06:17:27: Voltage:0;MaxVoltage:0,02;MinVoltage:0;Ampere:0;MaxAmpere:0,05;MinAmpere:0
19.07.2023 06:17:29: Voltage:0;MaxVoltage:0,02;MinVoltage:0;Ampere:0,03;MaxAmpere:0,05;MinAmpere:0
19.07.2023 06:17:32: Voltage:0,01;MaxVoltage:0,02;MinVoltage:0;Ampere:0,01;MaxAmpere:0,05;MinAmpere:0
19.07.2023 06:17:34: Voltage:0;MaxVoltage:0,02;MinVoltage:0;Ampere:0;MaxAmpere:0,05;MinAmpere:0
19.07.2023 06:17:36: Voltage:0,01;MaxVoltage:0,02;MinVoltage:0;Ampere:0;MaxAmpere:0,05;MinAmpere:0
19.07.2023 06:17:38: Voltage:0,01;MaxVoltage:0,02;MinVoltage:0;Ampere:0,03;MaxAmpere:0,05;MinAmpere:0
19.07.2023 06:17:40: Voltage:0,01;MaxVoltage:0,02;MinVoltage:0;Ampere:0;MaxAmpere:0,05;MinAmpere:0
19.07.2023 06:17:42: Voltage:0;MaxVoltage:0,02;MinVoltage:0;Ampere:0;MaxAmpere:0,05;MinAmpere:0
19.07.2023 06:17:44: Voltage:0;MaxVoltage:0,02;MinVoltage:0;Ampere:0,01;MaxAmpere:0,05;MinAmpere:0
19.07.2023 06:17:46: Voltage:0,01;MaxVoltage:0,02;MinVoltage:0;Ampere:0;MaxAmpere:0,05;MinAmpere:0
19.07.2023 06:17:48: Voltage:0;MaxVoltage:0,02;MinVoltage:0;Ampere:0;MaxAmpere:0,05;MinAmpere:0
19.07.2023 06:17:50: Voltage:0;MaxVoltage:0,02;MinVoltage:0;Ampere:0,01;MaxAmpere:0,05;MinAmpere:0
19.07.2023 06:17:52: Voltage:0,01;MaxVoltage:0,02;MinVoltage:0;Ampere:0;MaxAmpere:0,05;MinAmpere:0
19.07.2023 06:17:54: Voltage:0;MaxVoltage:0,02;MinVoltage:0;Ampere:0;MaxAmpere:0,05;MinAmpere:0
19.07.2023 06:17:56: Voltage:0;MaxVoltage:0,02;MinVoltage:0;Ampere:0,01;MaxAmpere:0,05;MinAmpere:0
19.07.2023 06:17:58: Voltage:0;MaxVoltage:0,02;MinVoltage:0;Ampere:0,03;MaxAmpere:0,05;MinAmpere:0
19.07.2023 06:18:00: Voltage:0;MaxVoltage:0,02;MinVoltage:0;Ampere:0,01;MaxAmpere:0,05;MinAmpere:0
19.07.2023 06:18:02: Voltage:0,01;MaxVoltage:0,02;MinVoltage:0;Ampere:0;MaxAmpere:0,05;MinAmpere:0
19.07.2023 06:18:04: Voltage:0;MaxVoltage:0,02;MinVoltage:0;Ampere:0,01;MaxAmpere:0,05;MinAmpere:0
19.07.2023 06:18:06: Voltage:0;MaxVoltage:0,02;MinVoltage:0;Ampere:0,01;MaxAmpere:0,05;MinAmpere:0
19.07.2023 06:18:08: Voltage:0,01;MaxVoltage:0,02;MinVoltage:0;Ampere:0;MaxAmpere:0,05;MinAmpere:0
19.07.2023 06:18:10: Voltage:0;MaxVoltage:0,02;MinVoltage:0;Ampere:0;MaxAmpere:0,05;MinAmpere:0
19.07.2023 06:18:12: Voltage:0;MaxVoltage:0,02;MinVoltage:0;Ampere:0;MaxAmpere:0,05;MinAmpere:0
19.07.2023 06:18:14: Voltage:0;MaxVoltage:0,02;MinVoltage:0;Ampere:0;MaxAmpere:0,05;MinAmpere:0
19.07.2023 06:18:16: Voltage:0,01;MaxVoltage:0,02;MinVoltage:0;Ampere:0,01;MaxAmpere:0,05;MinAmpere:0
19.07.2023 06:18:18: Voltage:0;MaxVoltage:0,02;MinVoltage:0;Ampere:0,03;MaxAmpere:0,05;MinAmpere:0
19.07.2023 06:18:20: Voltage:0;MaxVoltage:0,02;MinVoltage:0;Ampere:0;MaxAmpere:0,05;MinAmpere:0
19.07.2023 06:18:22: Voltage:0;MaxVoltage:0,02;MinVoltage:0;Ampere:0;MaxAmpere:0,05;MinAmpere:0
19.07.2023 06:18:24: Voltage:0;MaxVoltage:0,02;MinVoltage:0;Ampere:0,01;MaxAmpere:0,05;MinAmpere:0
19.07.2023 06:18:26: Voltage:0,01;MaxVoltage:0,02;MinVoltage:0;Ampere:0,01;MaxAmpere:0,05;MinAmpere:0
19.07.2023 06:18:28: Voltage:0;MaxVoltage:0,02;MinVoltage:0;Ampere:0;MaxAmpere:0,05;MinAmpere:0
19.07.2023 06:18:30: Voltage:0,01;MaxVoltage:0,02;MinVoltage:0;Ampere:0,01;MaxAmpere:0,05;MinAmpere:0
19.07.2023 06:18:32: Voltage:0;MaxVoltage:0,02;MinVoltage:0;Ampere:0,03;MaxAmpere:0,05;MinAmpere:0
19.07.2023 06:18:34: Voltage:0,01;MaxVoltage:0,02;MinVoltage:0;Ampere:0,03;MaxAmpere:0,05;MinAmpere:0
19.07.2023 06:18:36: Voltage:0;MaxVoltage:0,02;MinVoltage:0;Ampere:0,01;MaxAmpere:0,05;MinAmpere:0
19.07.2023 06:18:38: Voltage:0;MaxVoltage:0,02;MinVoltage:0;Ampere:0,01;MaxAmpere:0,05;MinAmpere:0
19.07.2023 06:18:40: Voltage:0;MaxVoltage:0,02;MinVoltage:0;Ampere:0;MaxAmpere:0,05;MinAmpere:0
19.07.2023 06:18:42: Voltage:0;MaxVoltage:0,02;MinVoltage:0;Ampere:0,01;MaxAmpere:0,05;MinAmpere:0
19.07.2023 06:18:44: Voltage:0,01;MaxVoltage:0,02;MinVoltage:0;Ampere:0,03;MaxAmpere:0,05;MinAmpere:0
19.07.2023 06:18:46: Voltage:0;MaxVoltage:0,02;MinVoltage:0;Ampere:0;MaxAmpere:0,05;MinAmpere:0
19.07.2023 06:18:48: Voltage:0;MaxVoltage:0,02;MinVoltage:0;Ampere:0,01;MaxAmpere:0,05;MinAmpere:0
19.07.2023 06:18:50: Voltage:0,01;MaxVoltage:0,02;MinVoltage:0;Ampere:0;MaxAmpere:0,05;MinAmpere:0
19.07.2023 06:18:52: Voltage:0,01;MaxVoltage:0,02;MinVoltage:0;Ampere:0,01;MaxAmpere:0,05;MinAmpere:0
19.07.2023 06:18:54: Voltage:0,01;MaxVoltage:0,02;MinVoltage:0;Ampere:0;MaxAmpere:0,05;MinAmpere:0
19.07.2023 06:18:56: Voltage:0,01;MaxVoltage:0,02;MinVoltage:0;Ampere:0,01;MaxAmpere:0,05;MinAmpere:0
19.07.2023 06:18:58: Voltage:0,01;MaxVoltage:0,02;MinVoltage:0;Ampere:0,03;MaxAmpere:0,05;MinAmpere:0
19.07.2023 06:19:00: Voltage:0,01;MaxVoltage:0,02;MinVoltage:0;Ampere:0;MaxAmpere:0,05;MinAmpere:0
19.07.2023 06:19:02: Voltage:0;MaxVoltage:0,02;MinVoltage:0;Ampere:0,03;MaxAmpere:0,05;MinAmpere:0
19.07.2023 06:19:04: Voltage:0;MaxVoltage:0,02;MinVoltage:0;Ampere:0,01;MaxAmpere:0,05;MinAmpere:0
19.07.2023 06:19:06: Voltage:0,01;MaxVoltage:0,02;MinVoltage:0;Ampere:0,01;MaxAmpere:0,05;MinAmpere:0
19.07.2023 06:19:08: Voltage:0,01;MaxVoltage:0,02;MinVoltage:0;Ampere:0,03;MaxAmpere:0,05;MinAmpere:0
19.07.2023 06:19:10: Voltage:0,01;MaxVoltage:0,02;MinVoltage:0;Ampere:0;MaxAmpere:0,05;MinAmpere:0
19.07.2023 06:19:12: Voltage:0;MaxVoltage:0,02;MinVoltage:0;Ampere:0;MaxAmpere:0,05;MinAmpere:0
19.07.2023 06:19:14: Voltage:0;MaxVoltage:0,02;MinVoltage:0;Ampere:0,01;MaxAmpere:0,05;MinAmpere:0
19.07.2023 06:19:16: Voltage:0,01;MaxVoltage:0,02;MinVoltage:0;Ampere:0,03;MaxAmpere:0,05;MinAmpere:0
19.07.2023 06:19:18: Voltage:0,01;MaxVoltage:0,02;MinVoltage:0;Ampere:0,03;MaxAmpere:0,05;MinAmpere:0
19.07.2023 06:19:20: Voltage:0;MaxVoltage:0,02;MinVoltage:0;Ampere:0,03;MaxAmpere:0,05;MinAmpere:0
19.07.2023 06:19:22: Voltage:0,01;MaxVoltage:0,02;MinVoltage:0;Ampere:0;MaxAmpere:0,05;MinAmpere:0
19.07.2023 06:19:24: Voltage:0;MaxVoltage:0,02;MinVoltage:0;Ampere:0;MaxAmpere:0,05;MinAmpere:0
19.07.2023 06:19:26: Voltage:0;MaxVoltage:0,02;MinVoltage:0;Ampere:0;MaxAmpere:0,05;MinAmpere:0
19.07.2023 06:19:28: Voltage:0;MaxVoltage:0,02;MinVoltage:0;Ampere:0,01;MaxAmpere:0,05;MinAmpere:0
19.07.2023 06:19:30: Voltage:0;MaxVoltage:0,02;MinVoltage:0;Ampere:0;MaxAmpere:0,05;MinAmpere:0
19.07.2023 06:19:32: Voltage:0;MaxVoltage:0,02;MinVoltage:0;Ampere:0,01;MaxAmpere:0,05;MinAmpere:0
19.07.2023 06:19:34: Voltage:0;MaxVoltage:0,02;MinVoltage:0;Ampere:0;MaxAmpere:0,05;MinAmpere:0
19.07.2023 06:19:36: Voltage:0;MaxVoltage:0,02;MinVoltage:0;Ampere:0;MaxAmpere:0,05;MinAmpere:0
19.07.2023 06:19:38: Voltage:0;MaxVoltage:0,02;MinVoltage:0;Ampere:0,03;MaxAmpere:0,05;MinAmpere:0
19.07.2023 06:19:40: Voltage:0,01;MaxVoltage:0,02;MinVoltage:0;Ampere:0;MaxAmpere:0,05;MinAmpere:0
19.07.2023 06:19:42: Voltage:0,01;MaxVoltage:0,02;MinVoltage:0;Ampere:0,01;MaxAmpere:0,05;MinAmpere:0
19.07.2023 06:19:44: Voltage:0,01;MaxVoltage:0,02;MinVoltage:0;Ampere:0,01;MaxAmpere:0,05;MinAmpere:0
19.07.2023 06:19:46: Voltage:0;MaxVoltage:0,02;MinVoltage:0;Ampere:0;MaxAmpere:0,05;MinAmpere:0
19.07.2023 06:19:49: Voltage:0;MaxVoltage:0,02;MinVoltage:0;Ampere:0,03;MaxAmpere:0,05;MinAmpere:0
19.07.2023 06:19:51: Voltage:0,01;MaxVoltage:0,02;MinVoltage:0;Ampere:0,01;MaxAmpere:0,05;MinAmpere:0
19.07.2023 06:19:53: Voltage:0,01;MaxVoltage:0,02;MinVoltage:0;Ampere:0,01;MaxAmpere:0,05;MinAmpere:0
19.07.2023 06:19:55: Voltage:0;MaxVoltage:0,02;MinVoltage:0;Ampere:0;MaxAmpere:0,05;MinAmpere:0
19.07.2023 06:19:57: Voltage:0,01;MaxVoltage:0,02;MinVoltage:0;Ampere:0;MaxAmpere:0,05;MinAmpere:0
19.07.2023 06:19:59: Voltage:0,01;MaxVoltage:0,02;MinVoltage:0;Ampere:0;MaxAmpere:0,05;MinAmpere:0
19.07.2023 06:20:01: Voltage:0,01;MaxVoltage:0,02;MinVoltage:0;Ampere:0;MaxAmpere:0,05;MinAmpere:0
19.07.2023 06:20:03: Voltage:0,01;MaxVoltage:0,02;MinVoltage:0;Ampere:0;MaxAmpere:0,05;MinAmpere:0
19.07.2023 06:20:05: Voltage:0,01;MaxVoltage:0,02;MinVoltage:0;Ampere:0;MaxAmpere:0,05;MinAmpere:0
19.07.2023 06:20:07: Voltage:0;MaxVoltage:0,02;MinVoltage:0;Ampere:0;MaxAmpere:0,05;MinAmpere:0
19.07.2023 06:20:09: Voltage:0,01;MaxVoltage:0,02;MinVoltage:0;Ampere:0,01;MaxAmpere:0,05;MinAmpere:0
19.07.2023 06:20:11: Voltage:0,01;MaxVoltage:0,02;MinVoltage:0;Ampere:0;MaxAmpere:0,05;MinAmpere:0
19.07.2023 06:20:13: Voltage:0;MaxVoltage:0,02;MinVoltage:0;Ampere:0;MaxAmpere:0,05;MinAmpere:0
19.07.2023 06:20:15: Voltage:0,01;MaxVoltage:0,02;MinVoltage:0;Ampere:0;MaxAmpere:0,05;MinAmpere:0
19.07.2023 06:20:17: Voltage:0;MaxVoltage:0,02;MinVoltage:0;Ampere:0,01;MaxAmpere:0,05;MinAmpere:0
19.07.2023 06:20:19: Voltage:0;MaxVoltage:0,02;MinVoltage:0;Ampere:0;MaxAmpere:0,05;MinAmpere:0
19.07.2023 06:20:21: Voltage:0;MaxVoltage:0,02;MinVoltage:0;Ampere:0,01;MaxAmpere:0,05;MinAmpere:0
19.07.2023 06:20:23: Voltage:0,02;MaxVoltage:0,02;MinVoltage:0;Ampere:0;MaxAmpere:0,05;MinAmpere:0
19.07.2023 06:20:25: Voltage:0,01;MaxVoltage:0,02;MinVoltage:0;Ampere:0;MaxAmpere:0,05;MinAmpere:0
19.07.2023 06:20:27: Voltage:0,01;MaxVoltage:0,02;MinVoltage:0;Ampere:0;MaxAmpere:0,05;MinAmpere:0
19.07.2023 06:20:29: Voltage:0,01;MaxVoltage:0,02;MinVoltage:0;Ampere:0,03;MaxAmpere:0,05;MinAmpere:0
19.07.2023 06:20:31: Voltage:0,01;MaxVoltage:0,02;MinVoltage:0;Ampere:0;MaxAmpere:0,05;MinAmpere:0
19.07.2023 06:20:33: Voltage:0,01;MaxVoltage:0,02;MinVoltage:0;Ampere:0;MaxAmpere:0,05;MinAmpere:0
19.07.2023 06:20:35: Voltage:0;MaxVoltage:0,02;MinVoltage:0;Ampere:0;MaxAmpere:0,05;MinAmpere:0
19.07.2023 06:20:37: Voltage:0,01;MaxVoltage:0,02;MinVoltage:0;Ampere:0;MaxAmpere:0,05;MinAmpere:0
19.07.2023 06:20:39: Voltage:0;MaxVoltage:0,02;MinVoltage:0;Ampere:0,01;MaxAmpere:0,05;MinAmpere:0
19.07.2023 06:20:41: Voltage:0;MaxVoltage:0,02;MinVoltage:0;Ampere:0,01;MaxAmpere:0,05;MinAmpere:0
19.07.2023 06:20:43: Voltage:0,01;MaxVoltage:0,02;MinVoltage:0;Ampere:0;MaxAmpere:0,05;MinAmpere:0
19.07.2023 06:20:45: Voltage:0;MaxVoltage:0,02;MinVoltage:0;Ampere:0;MaxAmpere:0,05;MinAmpere:0
19.07.2023 06:20:47: Voltage:0,01;MaxVoltage:0,02;MinVoltage:0;Ampere:0,01;MaxAmpere:0,05;MinAmpere:0
19.07.2023 06:20:49: Voltage:0,01;MaxVoltage:0,02;MinVoltage:0;Ampere:0,01;MaxAmpere:0,05;MinAmpere:0
19.07.2023 06:20:51: Voltage:0;MaxVoltage:0,02;MinVoltage:0;Ampere:0;MaxAmpere:0,05;MinAmpere:0
19.07.2023 06:20:53: Voltage:0,01;MaxVoltage:0,02;MinVoltage:0;Ampere:0,03;MaxAmpere:0,05;MinAmpere:0
19.07.2023 06:20:55: Voltage:0,01;MaxVoltage:0,02;MinVoltage:0;Ampere:0;MaxAmpere:0,05;MinAmpere:0
19.07.2023 06:20:57: Voltage:0;MaxVoltage:0,02;MinVoltage:0;Ampere:0,01;MaxAmpere:0,05;MinAmpere:0
19.07.2023 06:20:59: Voltage:0,01;MaxVoltage:0,02;MinVoltage:0;Ampere:0;MaxAmpere:0,05;MinAmpere:0
19.07.2023 06:21:01: Voltage:0;MaxVoltage:0,02;MinVoltage:0;Ampere:0,01;MaxAmpere:0,05;MinAmpere:0
19.07.2023 06:21:03: Voltage:0,01;MaxVoltage:0,02;MinVoltage:0;Ampere:0;MaxAmpere:0,05;MinAmpere:0
19.07.2023 06:21:05: Voltage:0,01;MaxVoltage:0,02;MinVoltage:0;Ampere:0,03;MaxAmpere:0,05;MinAmpere:0
19.07.2023 06:21:07: Voltage:0;MaxVoltage:0,02;MinVoltage:0;Ampere:0;MaxAmpere:0,05;MinAmpere:0
19.07.2023 06:21:09: Voltage:0,01;MaxVoltage:0,02;MinVoltage:0;Ampere:0,01;MaxAmpere:0,05;MinAmpere:0
19.07.2023 06:21:11: Voltage:0,01;MaxVoltage:0,02;MinVoltage:0;Ampere:0,01;MaxAmpere:0,05;MinAmpere:0
19.07.2023 06:21:13: Voltage:0;MaxVoltage:0,02;MinVoltage:0;Ampere:0;MaxAmpere:0,05;MinAmpere:0
19.07.2023 06:21:15: Voltage:0;MaxVoltage:0,02;MinVoltage:0;Ampere:0;MaxAmpere:0,05;MinAmpere:0
19.07.2023 06:21:17: Voltage:0;MaxVoltage:0,02;MinVoltage:0;Ampere:0;MaxAmpere:0,05;MinAmpere:0
19.07.2023 06:21:19: Voltage:0;MaxVoltage:0,02;MinVoltage:0;Ampere:0;MaxAmpere:0,05;MinAmpere:0
19.07.2023 06:21:21: Voltage:0,02;MaxVoltage:0,02;MinVoltage:0;Ampere:0,01;MaxAmpere:0,05;MinAmpere:0
19.07.2023 06:21:23: Voltage:0;MaxVoltage:0,02;MinVoltage:0;Ampere:0,03;MaxAmpere:0,05;MinAmpere:0
19.07.2023 06:21:25: Voltage:0;MaxVoltage:0,02;MinVoltage:0;Ampere:0,03;MaxAmpere:0,05;MinAmpere:0
19.07.2023 06:21:27: Voltage:0;MaxVoltage:0,02;MinVoltage:0;Ampere:0,04;MaxAmpere:0,05;MinAmpere:0
19.07.2023 06:21:29: Voltage:0,01;MaxVoltage:0,02;MinVoltage:0;Ampere:0,01;MaxAmpere:0,05;MinAmpere:0
19.07.2023 06:21:31: Voltage:0;MaxVoltage:0,02;MinVoltage:0;Ampere:0,01;MaxAmpere:0,05;MinAmpere:0
19.07.2023 06:21:33: Voltage:0;MaxVoltage:0,02;MinVoltage:0;Ampere:0,01;MaxAmpere:0,05;MinAmpere:0
19.07.2023 06:21:35: Voltage:0;MaxVoltage:0,02;MinVoltage:0;Ampere:0,01;MaxAmpere:0,05;MinAmpere:0
19.07.2023 06:21:37: Voltage:0,01;MaxVoltage:0,02;MinVoltage:0;Ampere:0;MaxAmpere:0,05;MinAmpere:0
19.07.2023 06:21:39: Voltage:0,01;MaxVoltage:0,02;MinVoltage:0;Ampere:0,03;MaxAmpere:0,05;MinAmpere:0
19.07.2023 06:21:41: Voltage:0,01;MaxVoltage:0,02;MinVoltage:0;Ampere:0;MaxAmpere:0,05;MinAmpere:0
19.07.2023 06:21:43: Voltage:0;MaxVoltage:0,02;MinVoltage:0;Ampere:0;MaxAmpere:0,05;MinAmpere:0
19.07.2023 06:21:45: Voltage:0,01;MaxVoltage:0,02;MinVoltage:0;Ampere:0,01;MaxAmpere:0,05;MinAmpere:0
19.07.2023 06:21:47: Voltage:0,01;MaxVoltage:0,02;MinVoltage:0;Ampere:0,04;MaxAmpere:0,05;MinAmpere:0
19.07.2023 06:21:49: Voltage:0;MaxVoltage:0,02;MinVoltage:0;Ampere:0,01;MaxAmpere:0,05;MinAmpere:0
19.07.2023 06:21:51: Voltage:0,01;MaxVoltage:0,02;MinVoltage:0;Ampere:0,03;MaxAmpere:0,05;MinAmpere:0
19.07.2023 06:21:53: Voltage:0;MaxVoltage:0,02;MinVoltage:0;Ampere:0,01;MaxAmpere:0,05;MinAmpere:0
19.07.2023 06:21:55: Voltage:0;MaxVoltage:0,02;MinVoltage:0;Ampere:0;MaxAmpere:0,05;MinAmpere:0
19.07.2023 06:21:57: Voltage:0;MaxVoltage:0,02;MinVoltage:0;Ampere:0,01;MaxAmpere:0,05;MinAmpere:0
19.07.2023 06:21:59: Voltage:0,01;MaxVoltage:0,02;MinVoltage:0;Ampere:0,03;MaxAmpere:0,05;MinAmpere:0
19.07.2023 06:22:01: Voltage:0;MaxVoltage:0,02;MinVoltage:0;Ampere:0,01;MaxAmpere:0,05;MinAmpere:0
19.07.2023 06:22:03: Voltage:0,01;MaxVoltage:0,02;MinVoltage:0;Ampere:0,01;MaxAmpere:0,05;MinAmpere:0
19.07.2023 06:22:05: Voltage:0,01;MaxVoltage:0,02;MinVoltage:0;Ampere:0;MaxAmpere:0,05;MinAmpere:0
19.07.2023 06:22:08: Voltage:0,01;MaxVoltage:0,02;MinVoltage:0;Ampere:0;MaxAmpere:0,05;MinAmpere:0
19.07.2023 06:22:10: Voltage:0;MaxVoltage:0,02;MinVoltage:0;Ampere:0,01;MaxAmpere:0,05;MinAmpere:0
19.07.2023 06:22:12: Voltage:0;MaxVoltage:0,02;MinVoltage:0;Ampere:0,01;MaxAmpere:0,05;MinAmpere:0
19.07.2023 06:22:14: Voltage:0;MaxVoltage:0,02;MinVoltage:0;Ampere:0,01;MaxAmpere:0,05;MinAmpere:0
19.07.2023 06:22:16: Voltage:0;MaxVoltage:0,02;MinVoltage:0;Ampere:0,01;MaxAmpere:0,05;MinAmpere:0
19.07.2023 06:22:18: Voltage:0;MaxVoltage:0,02;MinVoltage:0;Ampere:0;MaxAmpere:0,05;MinAmpere:0
19.07.2023 06:22:20: Voltage:0,01;MaxVoltage:0,02;MinVoltage:0;Ampere:0;MaxAmpere:0,05;MinAmpere:0
19.07.2023 06:22:22: Voltage:0,01;MaxVoltage:0,02;MinVoltage:0;Ampere:0,01;MaxAmpere:0,05;MinAmpere:0
19.07.2023 06:22:24: Voltage:0,01;MaxVoltage:0,02;MinVoltage:0;Ampere:0;MaxAmpere:0,05;MinAmpere:0
19.07.2023 06:22:26: Voltage:0;MaxVoltage:0,02;MinVoltage:0;Ampere:0,01;MaxAmpere:0,05;MinAmpere:0
19.07.2023 06:22:28: Voltage:0,01;MaxVoltage:0,02;MinVoltage:0;Ampere:0,04;MaxAmpere:0,05;MinAmpere:0
19.07.2023 06:22:30: Voltage:0;MaxVoltage:0,02;MinVoltage:0;Ampere:0,01;MaxAmpere:0,05;MinAmpere:0
19.07.2023 06:22:32: Voltage:0,01;MaxVoltage:0,02;MinVoltage:0;Ampere:0;MaxAmpere:0,05;MinAmpere:0
19.07.2023 06:22:34: Voltage:0,01;MaxVoltage:0,02;MinVoltage:0;Ampere:0,01;MaxAmpere:0,05;MinAmpere:0
19.07.2023 06:22:36: Voltage:0;MaxVoltage:0,02;MinVoltage:0;Ampere:0;MaxAmpere:0,05;MinAmpere:0
19.07.2023 06:22:38: Voltage:0,01;MaxVoltage:0,02;MinVoltage:0;Ampere:0;MaxAmpere:0,05;MinAmpere:0
19.07.2023 06:22:40: Voltage:0,01;MaxVoltage:0,02;MinVoltage:0;Ampere:0,04;MaxAmpere:0,05;MinAmpere:0
19.07.2023 06:22:42: Voltage:0,01;MaxVoltage:0,02;MinVoltage:0;Ampere:0;MaxAmpere:0,05;MinAmpere:0
19.07.2023 06:22:44: Voltage:0;MaxVoltage:0,02;MinVoltage:0;Ampere:0;MaxAmpere:0,05;MinAmpere:0
19.07.2023 06:22:46: Voltage:0,01;MaxVoltage:0,02;MinVoltage:0;Ampere:0;MaxAmpere:0,05;MinAmpere:0
19.07.2023 06:22:48: Voltage:0;MaxVoltage:0,02;MinVoltage:0;Ampere:0,01;MaxAmpere:0,05;MinAmpere:0
19.07.2023 06:22:50: Voltage:0,01;MaxVoltage:0,02;MinVoltage:0;Ampere:0,01;MaxAmpere:0,05;MinAmpere:0
19.07.2023 06:22:52: Voltage:0;MaxVoltage:0,02;MinVoltage:0;Ampere:0;MaxAmpere:0,05;MinAmpere:0
19.07.2023 06:22:54: Voltage:0,01;MaxVoltage:0,02;MinVoltage:0;Ampere:0;MaxAmpere:0,05;MinAmpere:0
19.07.2023 06:22:56: Voltage:0,01;MaxVoltage:0,02;MinVoltage:0;Ampere:0;MaxAmpere:0,05;MinAmpere:0
19.07.2023 06:22:58: Voltage:0;MaxVoltage:0,02;MinVoltage:0;Ampere:0;MaxAmpere:0,05;MinAmpere:0
19.07.2023 06:23:00: Voltage:0;MaxVoltage:0,02;MinVoltage:0;Ampere:0;MaxAmpere:0,05;MinAmpere:0
19.07.2023 06:23:02: Voltage:0;MaxVoltage:0,02;MinVoltage:0;Ampere:0,03;MaxAmpere:0,05;MinAmpere:0
19.07.2023 06:23:04: Voltage:0,01;MaxVoltage:0,02;MinVoltage:0;Ampere:0;MaxAmpere:0,05;MinAmpere:0
19.07.2023 06:23:06: Voltage:0,01;MaxVoltage:0,02;MinVoltage:0;Ampere:0,01;MaxAmpere:0,05;MinAmpere:0
19.07.2023 06:23:08: Voltage:0;MaxVoltage:0,02;MinVoltage:0;Ampere:0,03;MaxAmpere:0,05;MinAmpere:0
19.07.2023 06:23:10: Voltage:0,01;MaxVoltage:0,02;MinVoltage:0;Ampere:0;MaxAmpere:0,05;MinAmpere:0
19.07.2023 06:23:12: Voltage:0;MaxVoltage:0,02;MinVoltage:0;Ampere:0,01;MaxAmpere:0,05;MinAmpere:0
19.07.2023 06:23:14: Voltage:0;MaxVoltage:0,02;MinVoltage:0;Ampere:0;MaxAmpere:0,05;MinAmpere:0
19.07.2023 06:23:16: Voltage:0;MaxVoltage:0,02;MinVoltage:0;Ampere:0;MaxAmpere:0,05;MinAmpere:0
19.07.2023 06:23:18: Voltage:0,01;MaxVoltage:0,02;MinVoltage:0;Ampere:0,01;MaxAmpere:0,05;MinAmpere:0
19.07.2023 06:23:20: Voltage:0;MaxVoltage:0,02;MinVoltage:0;Ampere:0;MaxAmpere:0,05;MinAmpere:0
19.07.2023 06:23:22: Voltage:0;MaxVoltage:0,02;MinVoltage:0;Ampere:0;MaxAmpere:0,05;MinAmpere:0
19.07.2023 06:23:24: Voltage:0;MaxVoltage:0,02;MinVoltage:0;Ampere:0;MaxAmpere:0,05;MinAmpere:0
19.07.2023 06:23:26: Voltage:0,01;MaxVoltage:0,02;MinVoltage:0;Ampere:0;MaxAmpere:0,05;MinAmpere:0
19.07.2023 06:23:28: Voltage:0,01;MaxVoltage:0,02;MinVoltage:0;Ampere:0;MaxAmpere:0,05;MinAmpere:0
19.07.2023 06:23:30: Voltage:0,01;MaxVoltage:0,02;MinVoltage:0;Ampere:0;MaxAmpere:0,05;MinAmpere:0
19.07.2023 06:23:32: Voltage:0,01;MaxVoltage:0,02;MinVoltage:0;Ampere:0;MaxAmpere:0,05;MinAmpere:0
19.07.2023 06:23:34: Voltage:0;MaxVoltage:0,02;MinVoltage:0;Ampere:0;MaxAmpere:0,05;MinAmpere:0
19.07.2023 06:23:36: Voltage:0;MaxVoltage:0,02;MinVoltage:0;Ampere:0;MaxAmpere:0,05;MinAmpere:0
19.07.2023 06:23:38: Voltage:0,01;MaxVoltage:0,02;MinVoltage:0;Ampere:0,01;MaxAmpere:0,05;MinAmpere:0
19.07.2023 06:23:40: Voltage:0;MaxVoltage:0,02;MinVoltage:0;Ampere:0;MaxAmpere:0,05;MinAmpere:0
19.07.2023 06:23:42: Voltage:0;MaxVoltage:0,02;MinVoltage:0;Ampere:0;MaxAmpere:0,05;MinAmpere:0
19.07.2023 06:23:44: Voltage:0,02;MaxVoltage:0,02;MinVoltage:0;Ampere:0,01;MaxAmpere:0,05;MinAmpere:0
19.07.2023 06:23:46: Voltage:0;MaxVoltage:0,02;MinVoltage:0;Ampere:0;MaxAmpere:0,05;MinAmpere:0
19.07.2023 06:23:48: Voltage:0,01;MaxVoltage:0,02;MinVoltage:0;Ampere:0,03;MaxAmpere:0,05;MinAmpere:0
19.07.2023 06:23:50: Voltage:0,01;MaxVoltage:0,02;MinVoltage:0;Ampere:0,03;MaxAmpere:0,05;MinAmpere:0
19.07.2023 06:23:52: Voltage:0,01;MaxVoltage:0,02;MinVoltage:0;Ampere:0;MaxAmpere:0,05;MinAmpere:0
19.07.2023 06:23:54: Voltage:0,01;MaxVoltage:0,02;MinVoltage:0;Ampere:0,01;MaxAmpere:0,05;MinAmpere:0
19.07.2023 06:23:56: Voltage:0;MaxVoltage:0,02;MinVoltage:0;Ampere:0;MaxAmpere:0,05;MinAmpere:0
19.07.2023 06:23:58: Voltage:0,01;MaxVoltage:0,02;MinVoltage:0;Ampere:0,01;MaxAmpere:0,05;MinAmpere:0
19.07.2023 06:24:00: Voltage:0,01;MaxVoltage:0,02;MinVoltage:0;Ampere:0;MaxAmpere:0,05;MinAmpere:0
19.07.2023 06:24:02: Voltage:0,02;MaxVoltage:0,02;MinVoltage:0;Ampere:0;MaxAmpere:0,05;MinAmpere:0
19.07.2023 06:24:04: Voltage:0;MaxVoltage:0,02;MinVoltage:0;Ampere:0;MaxAmpere:0,05;MinAmpere:0
19.07.2023 06:24:06: Voltage:0;MaxVoltage:0,02;MinVoltage:0;Ampere:0,01;MaxAmpere:0,05;MinAmpere:0
19.07.2023 06:24:09: Voltage:0,01;MaxVoltage:0,02;MinVoltage:0;Ampere:0;MaxAmpere:0,05;MinAmpere:0
19.07.2023 06:24:11: Voltage:0,01;MaxVoltage:0,02;MinVoltage:0;Ampere:0;MaxAmpere:0,05;MinAmpere:0
19.07.2023 06:24:13: Voltage:0,01;MaxVoltage:0,02;MinVoltage:0;Ampere:0,01;MaxAmpere:0,05;MinAmpere:0
19.07.2023 06:24:15: Voltage:0,01;MaxVoltage:0,02;MinVoltage:0;Ampere:0;MaxAmpere:0,05;MinAmpere:0
19.07.2023 06:24:17: Voltage:0,01;MaxVoltage:0,02;MinVoltage:0;Ampere:0,01;MaxAmpere:0,05;MinAmpere:0
19.07.2023 06:24:19: Voltage:0,01;MaxVoltage:0,02;MinVoltage:0;Ampere:0,04;MaxAmpere:0,05;MinAmpere:0
19.07.2023 06:24:21: Voltage:0,01;MaxVoltage:0,02;MinVoltage:0;Ampere:0,03;MaxAmpere:0,05;MinAmpere:0
19.07.2023 06:24:23: Voltage:0;MaxVoltage:0,02;MinVoltage:0;Ampere:0,03;MaxAmpere:0,05;MinAmpere:0
19.07.2023 06:24:25: Voltage:0,01;MaxVoltage:0,02;MinVoltage:0;Ampere:0,04;MaxAmpere:0,05;MinAmpere:0
19.07.2023 06:24:27: Voltage:0;MaxVoltage:0,02;MinVoltage:0;Ampere:0,03;MaxAmpere:0,05;MinAmpere:0
19.07.2023 06:24:29: Voltage:0;MaxVoltage:0,02;MinVoltage:0;Ampere:0,04;MaxAmpere:0,05;MinAmpere:0
19.07.2023 06:24:31: Voltage:0,01;MaxVoltage:0,02;MinVoltage:0;Ampere:0,01;MaxAmpe